,abstract,articleTitle,doi,publicationYear,source
0,"[::Customer service::] is very important in many industrial fields, and the service [::quality::] is most essential. However, [::customer service::] practitioners are with a high turnover rate, and it usually takes months for a new [::customer service::] employee to be an experienced one. If the training of new employees is conducted by other experienced employees, there will be a high resource co...",Towards Intelligent Training Systems for Customer Service,10.1109/SMC53992.2023.10394182,2023.0,IEEE
1,"The emergence of Industry 4.0 has led a significant shift towards the widespread integration of Cyber Physical Systems(CPSs) across diverse industrial domains. Yet, the intricate design and implementation of these systems necessitate adept knowledge and expertise, posing challenges for researchers and engineers. In response, this paper introduces IoT-AID, a Cyber Physical Recommendation System aim...",IoT Sensor Selection in Cyber-Physical Systems: Leveraging Large Language Models as Recommender Systems,10.1109/CoDIT62066.2024.10708357,2024.0,IEEE
2,"[::Customer service::] is crucial for any business to maintain good customer relationships and growth. However, addressing a wide variety of customer inquiries often requires deep domain expertise that may not be readily available. This paper presents TELLM, a [::customer service::] AI agent leveraging large [::language models::] to provide technical support for telecom companies. TELLM is trained...",TELLM: Advancements in Knowledge Incorporation and Task-specific Enhancements of Large Language Models,10.1109/ICEE63041.2024.10667786,2024.0,IEEE
3,"Large [::Language Models::] ([::LLMs::]) have demonstrated remarkable capabilities in various natural language processing tasks, garnering significant public interest, but their ability to perform deductive reasoning remains an open question. Understanding the [::quality::] of answers generated by [::language models::] is of increasing importance as they are becoming applied to real-world applicat...",Beyond Scale: Deductive Reasoning Capabilities in Large Language Models Through the Lens of the Wason Selection Task,10.1109/WNYISPW63690.2024.10786497,2024.0,IEEE
4,"With the continuous development of natural language processing technology, driven by the integration of large [::language models::], [::customer service::] artificial intelligence chatbots are developing in great strides, and have been involved and well applied in many fields. This project selects all kinds of school life and learning consultation based on the student handbook and curriculum arran...",A Chatbot for Learning and Life Guide in the University Based on LangChain+ChatGLM,10.1109/SEAI62072.2024.10674054,2024.0,IEEE
5,"In artistic gymnastics, difficulty score or D-score is used for judging performance. Starting from zero, an athlete earns points from different aspects such as composition requirement, difficulty, and connection between moves. The final score is a composition of the [::quality::] of various performance indicators. Similarly, when evaluating dialogue responses, human judges generally follow a numbe...",D-Score: Holistic Dialogue Evaluation Without Reference,10.1109/TASLP.2021.3074012,2021.0,IEEE
6,"Retrieval-Augmented Generation (RAG) systems are increasingly vital in developing AI assistants capable of answering complex queries by combining retrieval and generation capabilities. However, existing RAG systems often face limitations in retrieval efficiency, scalability, and the contextual relevance of generated responses. This study presents an enhanced RAG system that integrates the Scalable...",Leveraging Large Language Models: Enhancing Retrieval-Augmented Generation with ScaNN and Gemma for Superior AI Response,10.1109/ICMLCA63499.2024.10753879,2024.0,IEEE
7,"Complaint Large Language Model (Complaint-LLM) is designed as a &#34;[::customer service::]&#34; tool to address the scenario of handling a massive volume of public complaints, effectively leveraging the &#34;common sense&#34; possessed by Large [::Language Models::] ([::LLMs::]) to solve issues. Unfortunately, pre-trained [::LLMs::] often exhibit significant Factual Hallucination and Causal Errors in knowledge d...",Correcting Factuality Hallucination in Complaint Large Language Model via Entity-Augmented,10.1109/IJCNN60899.2024.10650208,2024.0,IEEE
8,"Mobile application (app) stores employ standardized mechanisms for rating hosted apps, typically in the form of free text reviews and numerical rating scales. App users use these mechanisms to express their opinions about their apps and discover apps that fit their specific needs. However, existing app rating systems do not take into account the operational characteristics of application domains. ...",Generating Rate Features for Mobile Applications,,2024.0,IEEE
9,"Statistical classification serves as the basis of national statistics such as the population census and economic census. Not only is it being used as the main basics for national policy establishment and execution (e.g SME support and employment stability), it is also used as a major classification criterion from the perspective of corporate analysis services such as economic, company, investment....",The Text Analysis Framework for Interactive Statistical Classification Service,10.1109/BigComp54360.2022.00092,2022.0,IEEE
10,"This work introduces an innovative system tailored for automated document processing and advanced question-answering. The dataset creation code employs PyMuPDF and NL TK, orchestrating a systematic extraction of textual information from PDF files. This methodical process extends to content tokenization, where the text is segmented into structured sentences, culminating in the creation of a Pandas ...",Mining Mate: A Chat Bot for Navigating Mining Regulations Using LLM Models,10.1109/ICACCS60874.2024.10716988,2024.0,IEEE
11,"Artificial intelligence-generated content based on big [::language models::] has been widely used in marketing, [::customer service::], education, entertainment, news and other fields. Business English programmes need to be integrated with innovation and entrepreneurship education to help students hone their international communication skills and innovative thinking to better meet the challenges o...",Optimisation of Random Forest Algorithm Based on Data Mining Analysis and Sparrow Search Analysis of the Impact of 'BM Innovative Thinking System' on Innovation and Entrepreneurship Education in Colleges and Universities,10.1109/ICCEA62105.2024.10604095,2024.0,IEEE
12,"Smart question answering (QA) systems have been the focus of research for many years. This is known to be a challenging task due to the randomness of user input. As deep learning technology is evolving fast, closed-domain QA systems based on frequently asked questions (FAQs) have already become a mature field. In the project, the team designed a mixture model based on deep learning and natural lan...",V-SBERT: A Mixture Model for Closed-Domain Question-Answering Systems Based on Natural Language Processing and Deep Learning,10.1109/DSIT60026.2023.00058,2023.0,IEEE
13,"Dialogue systems play a pivotal role in domains ranging from [::customer service::] to virtual assistance and education, using natural language to deliver information and resolve inquiries. Integrating Large [::Language Models::] ([::LLMs::]) has significantly boosted their capabilities and applications, underscoring their potential to facilitate more nuanced human-computer interactions. Despite t...",Flowlogue: A Novel Framework for Synthetic Dialogue Generation With Structured Flow From Text Passages,10.1109/ACCESS.2024.3409377,2024.0,IEEE
14,"The advanced large language model (LLM) ChatGPT has shown its potential in different domains and remains unbeaten due to its characteristics compared to other [::LLMs::]. This study aims to evaluate the potential of using a fine-tuned ChatGPT model as a personal medical assistant in the Arabic language. To do so, this study uses publicly available online questions and answering datasets in Arabic ...",Can ChatGPT be Your Personal Medical Assistant?,10.1109/SNAMS60348.2023.10375477,2023.0,IEEE
0,,"A survey on augmenting knowledge graphs (KGs) with large language models (LLMs): models, evaluation metrics, benchmarks, and challenges",10.1007/s44163-024-00175-8,2024.0,SpringerLink
1,,Analyzing evaluation methods for large language models in the medical field: a scoping review,10.1186/s12911-024-02709-7,2024.0,SpringerLink
2,,When large language models meet personalization: perspectives of challenges and opportunities,10.1007/s11280-024-01276-1,2024.0,SpringerLink
3,,Smart customer service in unmanned retail store enhanced by large language model,10.1038/s41598-024-71089-9,2024.0,SpringerLink
4,,Interactive computer-aided diagnosis on medical image using large language models,10.1038/s44172-024-00271-8,2024.0,SpringerLink
5,,"A phenomenology and epistemology of large language models: transparency, trust, and trustworthiness",10.1007/s10676-024-09777-3,2024.0,SpringerLink
6,,Bias of AI-generated content: an examination of news produced by large language models,10.1038/s41598-024-55686-2,2024.0,SpringerLink
7,,Reconciling the contrasting narratives on the environmental impact of large language models,10.1038/s41598-024-76682-6,2024.0,SpringerLink
8,,Evaluating large language models in analysing classroom dialogue,10.1038/s41539-024-00273-3,2024.0,SpringerLink
9,,An assessment of large language models for OpenMP-based code parallelization: a user perspective,10.1186/s40537-024-01019-z,2024.0,SpringerLink
10,,The Two Word Test as a semantic benchmark for large language models,10.1038/s41598-024-72528-3,2024.0,SpringerLink
11,,Accelerating materials language processing with large language models,10.1038/s43246-024-00449-9,2024.0,SpringerLink
12,,Sentiment Analysis in the Age of Generative AI,10.1007/s40547-024-00143-4,2024.0,SpringerLink
13,,LLM potentiality and awareness: a position paper from the perspective of trustworthy and responsible AI modeling,10.1007/s44163-024-00129-0,2024.0,SpringerLink
14,,Finance centralization—research on enterprise intelligence,10.1057/s41599-024-04098-8,2024.0,SpringerLink
15,,On-device query intent prediction with lightweight LLMs to support ubiquitous conversations,10.1038/s41598-024-63380-6,2024.0,SpringerLink
16,,Tc-llama 2: fine-tuning LLM for technology and commercialization applications,10.1186/s40537-024-00963-0,2024.0,SpringerLink
17,,Generative AI and Usage in Marketing Classroom,10.1007/s40547-024-00145-2,2024.0,SpringerLink
18,,Ethical considerations in working with ChatGPT on a questionnaire about the future of work with ChatGPT,10.1007/s43681-023-00312-6,2024.0,SpringerLink
19,,"Know Thyself, Improve Thyself: Personalized LLMs for Self-Knowledge and Moral Enhancement",10.1007/s11948-024-00518-9,2024.0,SpringerLink
20,,A multimodal approach to cross-lingual sentiment analysis with ensemble of transformer and LLM,10.1038/s41598-024-60210-7,2024.0,SpringerLink
21,,"Comparing the performance of ChatGPT-3.5-Turbo, ChatGPT-4, and Google Bard with Iranian students in pre-internship comprehensive exams",10.1038/s41598-024-79335-w,2024.0,SpringerLink
22,,The digital transformation of jurisprudence: an evaluation of ChatGPT-4’s applicability to solve cases in business law,10.1007/s10506-024-09406-w,2024.0,SpringerLink
23,,A novel solution for the development of a sentimental analysis chatbot integrating ChatGPT,10.1007/s00779-024-01824-6,2024.0,SpringerLink
24,,Understanding users’ responses to disclosed vs. undisclosed customer service chatbots: a mixed methods study,10.1007/s00146-023-01818-7,2024.0,SpringerLink
25,,Investigating the user experience of customer service chatbot interaction: a framework for qualitative analysis of chatbot dialogues,10.1007/s41233-021-00046-5,2021.0,SpringerLink
26,,Examining the Capabilities of GPT-4 to Write an APA-Style School Psychology Paper,10.1007/s40688-024-00500-z,2024.0,SpringerLink
27,,EmoTwiCS: a corpus for modelling emotion trajectories in Dutch customer service dialogues on Twitter,10.1007/s10579-023-09700-0,2024.0,SpringerLink
28,,"Business chatbots with deep learning technologies: state-of-the-art, taxonomies, and future research directions",10.1007/s10462-024-10744-z,2024.0,SpringerLink
29,,Unveiling the evolution of generative AI (GAI): a comprehensive and investigative analysis toward LLM models (2021–2024) and beyond,10.1186/s43067-024-00145-1,2024.0,SpringerLink
30,,A review of natural language processing in contact centre automation,10.1007/s10044-023-01182-8,2023.0,SpringerLink
31,,"Explainable Generative AI (GenXAI): a survey, conceptualization, and research agenda",10.1007/s10462-024-10916-x,2024.0,SpringerLink
32,,Cost-efficient prompt engineering for unsupervised entity resolution in the product matching domain,10.1007/s44163-024-00159-8,2024.0,SpringerLink
33,,Abstracts from the 2023 Annual Meeting of the Society of General Internal Medicine,10.1007/s11606-023-08226-z,2023.0,SpringerLink
34,,Unlocking financial innovation through strategic investments in information management: a systematic review,10.1007/s43621-024-00542-6,2024.0,SpringerLink
35,,"A systematic review of aspect-based sentiment analysis: domains, methods, and trends",10.1007/s10462-024-10906-z,2024.0,SpringerLink
36,,Generative artificial intelligence,10.1007/s12525-023-00680-1,2023.0,SpringerLink
37,,Generative AI,10.1007/s12599-023-00834-7,2024.0,SpringerLink
38,,Conversational AI and equity through assessing GPT-3’s communication with diverse social groups on contentious topics,10.1038/s41598-024-51969-w,2024.0,SpringerLink
39,,AI hype as a cyber security risk: the moral responsibility of implementing generative AI in business,10.1007/s43681-024-00443-4,2024.0,SpringerLink
40,,From text to multimodal: a survey of adversarial example generation in question answering systems,10.1007/s10115-024-02199-z,2024.0,SpringerLink
41,,Reliability and accuracy of artificial intelligence ChatGPT in providing information on ophthalmic diseases and management to patients,10.1038/s41433-023-02906-0,2024.0,SpringerLink
42,,CERN for AI: a theoretical framework for autonomous simulation-based artificial intelligence testing and alignment,10.1186/s40309-024-00238-0,2024.0,SpringerLink
43,,"Perception, concerns, and practice of ChatGPT among Egyptian pharmacists: a cross-sectional study in Egypt",10.1186/s12913-024-11815-1,2024.0,SpringerLink
44,,Hate speech detection in the Bengali language: a comprehensive survey,10.1186/s40537-024-00956-z,2024.0,SpringerLink
45,,Adopting automated bug assignment in practice — a longitudinal case study at Ericsson,10.1007/s10664-024-10507-y,2024.0,SpringerLink
46,,The mechanisms of AI hype and its planetary and social costs,10.1007/s43681-024-00461-2,2024.0,SpringerLink
47,,Multi-step Transfer Learning in Natural Language Processing for the Health Domain,10.1007/s11063-024-11526-y,2024.0,SpringerLink
48,,Using rhetorical strategies to design prompts: a human-in-the-loop approach to make AI useful,10.1007/s00146-024-01905-3,2024.0,SpringerLink
49,,Conversational question answering: a survey,10.1007/s10115-022-01744-y,2022.0,SpringerLink
50,,The GenAI is out of the bottle: generative artificial intelligence from a business model innovation perspective,10.1007/s11846-023-00696-z,2024.0,SpringerLink
51,,Systematic exploration and in-depth analysis of ChatGPT architectures progression,10.1007/s10462-024-10832-0,2024.0,SpringerLink
52,,Intelligent extraction of reservoir dispatching information integrating large language model and structured prompts,10.1038/s41598-024-64954-0,2024.0,SpringerLink
53,,Exploring the opportunities and challenges of ChatGPT in academia,10.1007/s44217-024-00114-w,2024.0,SpringerLink
54,,Mapping the Ethics of Generative AI: A Comprehensive Scoping Review,10.1007/s11023-024-09694-w,2024.0,SpringerLink
55,,ChatGPT as imperfect rhetorical tool in public policy,10.1007/s00146-024-02159-9,2024.0,SpringerLink
56,,A survey on providing customer and public administration based services using AI: chatbot,10.1007/s11042-021-11458-y,2022.0,SpringerLink
57,,"Ai4tech: X-AI enabling X-Tech with human-like, generative, decentralized, humanoid and metaverse AI",10.1007/s41060-024-00615-9,2024.0,SpringerLink
58,,DialGNN: Heterogeneous Graph Neural Networks for Dialogue Classification,10.1007/s11063-024-11595-z,2024.0,SpringerLink
59,,The Three Social Dimensions of Chatbot Technology,10.1007/s13347-024-00826-9,2024.0,SpringerLink
60,,Large language models and their big bullshit potential,10.1007/s10676-024-09802-5,2024.0,SpringerLink
61,,A review on emotion detection by using deep learning techniques,10.1007/s10462-024-10831-1,2024.0,SpringerLink
62,,MOBI-Qual: a common framework to manage the product-service system quality of shared mobility,10.1007/s10696-023-09520-y,2024.0,SpringerLink
63,,Deep emotion recognition in textual conversations: a survey,10.1007/s10462-024-11010-y,2024.0,SpringerLink
64,,"Risk management strategy for generative AI in computing education: how to handle the strengths, weaknesses, opportunities, and threats?",10.1186/s41239-024-00494-x,2024.0,SpringerLink
65,,Anticipating impacts: using large-scale scenario-writing to explore diverse implications of generative AI in the news environment,10.1007/s43681-024-00497-4,2024.0,SpringerLink
66,,Unleashing the transformers: NLP models detect AI writing in education,10.1007/s40692-024-00325-y,2024.0,SpringerLink
67,,Survey of transformers and towards ensemble learning using transformers for natural language processing,10.1186/s40537-023-00842-0,2024.0,SpringerLink
68,,An interpretable method for automated classification of spoken transcripts and written text,10.1007/s12065-023-00851-1,2024.0,SpringerLink
69,,Does ChatGPT show gender bias in behavior detection?,10.1057/s41599-024-04219-3,2024.0,SpringerLink
70,,Between artificial intelligence and customer experience: a literature review on the intersection,10.1007/s44163-024-00105-8,2024.0,SpringerLink
71,,Challenges with developing and deploying AI models and applications in industrial systems,10.1007/s44163-024-00151-2,2024.0,SpringerLink
72,,Exploring the mechanism of sustained consumer trust in AI chatbots after service failures: a perspective based on attribution and CASA theories,10.1057/s41599-024-03879-5,2024.0,SpringerLink
73,,Arithmetic N-gram: an efficient data compression technique,10.1007/s10791-024-09431-y,2024.0,SpringerLink
74,,"Artificial intelligence powered Metaverse: analysis, challenges and future perspectives",10.1007/s10462-023-10641-x,2024.0,SpringerLink
75,,Detection and moderation of detrimental content on social media platforms: current status and future directions,10.1007/s13278-022-00951-3,2022.0,SpringerLink
76,,Future directions for chatbot research: an interdisciplinary research agenda,10.1007/s00607-021-01016-7,2021.0,SpringerLink
77,,Towards practical artificial intelligence in Earth sciences,10.1007/s10596-024-10317-7,2024.0,SpringerLink
78,,Hyper-personalized employment in urban hubs: multimodal fusion architectures for personality-based job matching,10.1007/s00521-024-10587-3,2024.0,SpringerLink
79,,How to keep text private? A systematic review of deep learning methods for privacy-preserving natural language processing,10.1007/s10462-022-10204-6,2023.0,SpringerLink
80,,Chinese dialect speech recognition: a comprehensive survey,10.1007/s10462-023-10668-0,2024.0,SpringerLink
81,,Answer Agnostic Question Generation in Bangla Language,10.1007/s44227-023-00018-5,2024.0,SpringerLink
82,,Decent deepfakes? Professional deepfake developers’ ethical considerations and their governance potential,10.1007/s43681-024-00542-2,2024.0,SpringerLink
83,,Designs and practices using generative AI for sustainable student discourse and knowledge creation,10.1186/s40561-023-00279-1,2023.0,SpringerLink
84,,Securing tomorrow: a comprehensive survey on the synergy of Artificial Intelligence and information security,10.1007/s43681-024-00529-z,2024.0,SpringerLink
85,,"“The ChatGPT bot is causing panic now – but it’ll soon be as mundane a tool as Excel”: analysing topics, sentiment and emotions relating to ChatGPT on Twitter",10.1007/s00779-024-01811-x,2024.0,SpringerLink
86,,Data-driven subjective performance evaluation: An attentive deep neural networks model based on a call centre case,10.1007/s10479-022-04874-2,2024.0,SpringerLink
87,,Rethinking feminized service bots: user responses to abstract and gender-ambiguous chatbot avatars in a large-scale interaction study,10.1007/s00779-024-01830-8,2024.0,SpringerLink
88,,Sentiment-based predictive models for online purchases in the era of marketing 5.0: a systematic review,10.1186/s40537-024-00947-0,2024.0,SpringerLink
89,,The HoPE Model Architecture: a Novel Approach to Pregnancy Information Retrieval Based on Conversational Agents,10.1007/s41666-022-00115-0,2022.0,SpringerLink
90,,The role of artificial intelligence algorithms in information systems research: a conceptual overview and avenues for research,10.1007/s11301-024-00451-y,2024.0,SpringerLink
91,,Argumentation effect of a chatbot for ethical discussions about autonomous AI scenarios,10.1007/s10115-024-02074-x,2024.0,SpringerLink
92,,Supporting SME companies in mapping out AI potential: a Finnish AI development case,10.1007/s10961-024-10122-5,2024.0,SpringerLink
93,,Instance segmentation on distributed deep learning big data cluster,10.1186/s40537-023-00871-9,2024.0,SpringerLink
94,,Harnessing the integration of chat GPT in higher education: the evaluation of stakeholders sentiments using NLP techniques,10.1007/s43621-024-00774-6,2024.0,SpringerLink
95,,"ChatGPT in pharmacy practice: a cross-sectional exploration of Jordanian pharmacists' perception, practice, and concerns",10.1186/s40545-023-00624-2,2023.0,SpringerLink
96,,"Sentiment analysis: A survey on design framework, applications and future scopes",10.1007/s10462-023-10442-2,2023.0,SpringerLink
97,,No man’s hand: artificial intelligence does not improve police report writing speed,10.1007/s11292-024-09644-7,2024.0,SpringerLink
98,,From human-centered to symbiotic artificial intelligence: a focus on medical applications,10.1007/s11042-024-20414-5,2024.0,SpringerLink
99,,Natural language inference model for customer advocacy detection in online customer engagement,10.1007/s10994-023-06476-w,2024.0,SpringerLink
100,,Data-Driven Development and Evaluation of Enskill English,10.1007/s40593-019-00182-2,2019.0,SpringerLink
101,,"Demystifying the Role of Natural Language Processing (NLP) in Smart City Applications: Background, Motivation, Recent Advances, and Future Research Directions",10.1007/s11277-023-10312-8,2023.0,SpringerLink
102,,A comprehensive literature review of the applications of AI techniques through the lifecycle of industrial equipment,10.1007/s44163-023-00089-x,2023.0,SpringerLink
103,,Breaking the data barrier: a review of deep learning techniques for democratizing AI with small datasets,10.1007/s10462-024-10859-3,2024.0,SpringerLink
104,,Healthcare students attitudes opinions perceptions and perceived obstacles regarding ChatGPT in Saudi Arabia: a survey‑based cross‑sectional study,10.1038/s41598-024-73359-y,2024.0,SpringerLink
105,,From the Editor,10.1007/s40962-023-01025-6,2023.0,SpringerLink
106,,A robust hybrid approach with product context-aware learning and explainable AI for sentiment analysis in Amazon user reviews,10.1007/s10660-024-09896-5,2024.0,SpringerLink
107,,Platform-independent and curriculum-oriented intelligent assistant for higher education,10.1186/s41239-023-00412-7,2023.0,SpringerLink
108,,"Exploring pathways to comprehension performance in multilanguage smart voice systems: insights from Lasso regression, SEM, PLS-SEM, CNN, and BiLSTM",10.1057/s41599-024-04025-x,2024.0,SpringerLink
109,,"Measuring Innovation in Mauritius’ ICT Sector
            Using Unsupervised Machine Learning: A Web Mining and Topic Modeling
            Approach",10.1007/s13132-023-01587-0,2024.0,SpringerLink
110,,Application of social media communication for museum based on the deep mediatization and artificial intelligence,10.1038/s41598-024-80378-2,2024.0,SpringerLink
111,,Attention-based RNN with question-aware loss and multi-level copying mechanism for natural answer generation,10.1007/s40747-024-01538-5,2024.0,SpringerLink
112,,Development of an artificial intelligence curriculum design for children in Taiwan and its impact on learning outcomes,10.1057/s41599-024-03839-z,2024.0,SpringerLink
113,,Therapeutic Chatbots as Cognitive-Affective Artifacts,10.1007/s11245-024-10018-x,2024.0,SpringerLink
114,,Reinforcement learning in sentiment analysis: a review and future directions,10.1007/s10462-024-10967-0,2024.0,SpringerLink
115,,ChatGPT as a modern tool for Bible teaching in confessional religious education: a German view,10.1007/s40839-024-00244-1,2024.0,SpringerLink
116,,Ethics of generative AI and manipulation: a design-oriented research agenda,10.1007/s10676-024-09745-x,2024.0,SpringerLink
117,,Over a decade of social opinion mining: a systematic review,10.1007/s10462-021-10030-2,2021.0,SpringerLink
118,,"Analyzing the past, improving the future: a multiscale opinion tracking model for optimizing business performance",10.1057/s41599-022-01325-y,2022.0,SpringerLink
119,,Role of AI chatbots in education: systematic literature review,10.1186/s41239-023-00426-1,2023.0,SpringerLink
120,,Integrating deep learning for visual question answering in Agricultural Disease Diagnostics: Case Study of Wheat Rust,10.1038/s41598-024-79793-2,2024.0,SpringerLink
121,,Auto Response Generation in Online Medical Chat Services,10.1007/s41666-022-00118-x,2022.0,SpringerLink
122,,Perspectivist approaches to natural language processing: a survey,10.1007/s10579-024-09766-4,2024.0,SpringerLink
123,,Looking towards an automated future: U.S. attitudes towards future artificial intelligence instantiations and their effect,10.1057/s41599-024-02625-1,2024.0,SpringerLink
124,,Design and Evaluation of a Conversational Agent for Facilitating Idea Generation in Organizational Innovation Processes,10.1007/s10796-022-10265-6,2022.0,SpringerLink
125,,Semantic speech analysis using machine learning and deep learning techniques: a comprehensive review,10.1007/s11042-023-17769-6,2024.0,SpringerLink
126,,Deploying artificial intelligence in services to AID vulnerable consumers,10.1007/s11747-023-00986-8,2024.0,SpringerLink
127,,Socialisation approach to AI value acquisition: enabling flexible ethical navigation with built-in receptiveness to social influence,10.1007/s43681-023-00372-8,2023.0,SpringerLink
128,,Will ChatGPT transform healthcare?,10.1038/s41591-023-02289-5,2023.0,SpringerLink
129,,Automotive fault nowcasting with machine learning and natural language processing,10.1007/s10994-023-06398-7,2024.0,SpringerLink
130,,How educational chatbots support self-regulated learning? A systematic review of the literature,10.1007/s10639-024-12881-y,2024.0,SpringerLink
131,,How to Improve the Explanatory Power of an Intelligent Textbook: a Case Study in Legal Writing,10.1007/s40593-024-00399-w,2024.0,SpringerLink
132,,Seeking empathy or suggesting a solution? Effects of chatbot messages on service failure recovery,10.1007/s12525-023-00673-0,2023.0,SpringerLink
133,,The construction of Bert fusion model of speech recognition and sensing for South China electricity charge service scenario,10.1186/s13634-023-01073-4,2023.0,SpringerLink
134,,Modeling and prediction of business success: a survey,10.1007/s10462-023-10664-4,2024.0,SpringerLink
135,,A survey on extraction of causal relations from natural language text,10.1007/s10115-022-01665-w,2022.0,SpringerLink
136,,"Self-disclosure to conversational AI: a literature review, emergent framework, and directions for future research",10.1007/s00779-024-01823-7,2024.0,SpringerLink
137,,Machine learning-based social media bot detection: a comprehensive literature review,10.1007/s13278-022-01020-5,2023.0,SpringerLink
138,,Sentiment analysis on IMDB using lexicon and neural networks,10.1007/s42452-019-1926-x,2020.0,SpringerLink
139,,"Two minutes of orthopaedics with ChatGPT: it is just the beginning; it’s going to be hot, hot, hot!",10.1007/s00264-023-05887-7,2023.0,SpringerLink
140,,Data science and AI in FinTech: an overview,10.1007/s41060-021-00278-w,2021.0,SpringerLink
141,,Beyond text: Marketing strategy in a world turned upside down,10.1007/s11747-023-01000-x,2024.0,SpringerLink
142,,DravidianCodeMix: sentiment analysis and offensive language identification dataset for Dravidian languages in code-mixed text,10.1007/s10579-022-09583-7,2022.0,SpringerLink
143,,A question-entailment approach to question answering,10.1186/s12859-019-3119-4,2019.0,SpringerLink
144,,Performing social media analytics with Brandwatch for Classrooms: a platform review,10.1057/s41270-021-00128-5,2021.0,SpringerLink
145,,EAV: EEG-Audio-Video Dataset for Emotion Recognition in Conversational Contexts,10.1038/s41597-024-03838-4,2024.0,SpringerLink
146,,"Knowledge, Perceptions and Attitude of Researchers Towards Using ChatGPT in Research",10.1007/s10916-024-02044-4,2024.0,SpringerLink
147,,NLP-based platform as a service: a brief review,10.1186/s40537-022-00603-5,2022.0,SpringerLink
148,,Students’ perceptions of using ChatGPT in a physics class as a virtual tutor,10.1186/s41239-023-00434-1,2023.0,SpringerLink
149,,Research on automatic labeling of imbalanced texts of customer complaints based on text enhancement and layer-by-layer semantic matching,10.1038/s41598-021-91189-0,2021.0,SpringerLink
150,,Enhancing medical education with chatbots: a randomized controlled trial on standardized patients for colorectal cancer,10.1186/s12909-024-06530-8,2024.0,SpringerLink
151,,Personalism in Generative AI Deployment: Deciding Ethically When Human Creative Expression is at Stake,10.1007/s41463-024-00193-9,2024.0,SpringerLink
152,,The robo bias in conversational reviews: How the solicitation medium anthropomorphism affects product rating valence and review helpfulness,10.1007/s11747-024-01027-8,2024.0,SpringerLink
153,,A full-process intelligent trial system for smart court,10.1631/FITEE.2100041,2022.0,SpringerLink
154,,Prescriptive analytics systems revised: a systematic literature review from an information systems perspective,10.1007/s10257-024-00688-w,2024.0,SpringerLink
155,,Emotion recognition for human–computer interaction using high-level descriptors,10.1038/s41598-024-59294-y,2024.0,SpringerLink
156,,Vaccine sentiment analysis using BERT + NBSVM and geo-spatial approaches,10.1007/s11227-023-05319-8,2023.0,SpringerLink
157,,Replika in the Metaverse: the moral problem with empathy in ‘It from Bit’,10.1007/s43681-022-00252-7,2023.0,SpringerLink
158,,EAGS: An extracting auxiliary knowledge graph model in multi-turn dialogue generation,10.1007/s11280-022-01100-8,2023.0,SpringerLink
159,,"RETRACTED ARTICLE: Customization, loneliness, and optimism: drivers of intelligent personal assistant continuance intention during COVID-19",10.1057/s41599-023-02021-1,2023.0,SpringerLink
160,,Revisiting clustering for efficient unsupervised dialogue structure induction,10.1007/s10489-024-05455-5,2024.0,SpringerLink
161,,Learning user preferences through online conversations via personalized memory transfer,10.1007/s10791-022-09410-1,2022.0,SpringerLink
162,,Incorporating AI in foreign language education: An investigation into ChatGPT’s effect on foreign language learners,10.1007/s10639-024-12574-6,2024.0,SpringerLink
163,,Recommendations from cold starts in big data,10.1007/s00607-020-00792-y,2020.0,SpringerLink
164,,Shaping the causes of product returns: topic modeling on online customer reviews,10.1007/s10660-024-09901-x,2024.0,SpringerLink
165,,Voice bots on the frontline: Voice-based interfaces enhance flow-like consumer experiences & boost service outcomes,10.1007/s11747-022-00868-5,2023.0,SpringerLink
166,,A pragmatic perspective on AI transparency at workplace,10.1007/s43681-023-00257-w,2024.0,SpringerLink
167,,Artificial intelligence in medical education - perception among medical students,10.1186/s12909-024-05760-0,2024.0,SpringerLink
168,,Designing and Managing Human-AI Interactions,10.1007/s10796-022-10313-1,2022.0,SpringerLink
169,,Not with the bot! The relevance of trust to explain the acceptance of chatbots by insurance customers,10.1057/s41599-024-02621-5,2024.0,SpringerLink
170,,Exploring best-matched embedding model and classifier for charging-pile fault diagnosis,10.1186/s42400-023-00138-z,2023.0,SpringerLink
171,,The correlative factors of enterprise culture and enterprise human resource based on data analysis and federated learning,10.1186/s13662-024-03836-1,2024.0,SpringerLink
172,,Social representations and multi-channel communication on crucial societal issues through the modelling approach,10.1007/s44282-024-00126-9,2024.0,SpringerLink
173,,Human AI conversational systems: when humans and machines start to chat,10.1007/s00779-024-01837-1,2024.0,SpringerLink
174,,Crossroads between Big Data and entrepreneurship: current key trends,10.1007/s11365-024-00986-2,2024.0,SpringerLink
175,,ChatGPT in prostate cancer: myth or reality?,10.1038/s41391-023-00750-7,2024.0,SpringerLink
176,,How speaking versus writing to conversational agents shapes consumers’ choice and choice satisfaction,10.1007/s11747-023-00987-7,2024.0,SpringerLink
177,,Personality and acceptance as predictors of ChatGPT use,10.1007/s44202-024-00161-2,2024.0,SpringerLink
178,,Knowledge management and ethical vulnerability in AI,10.1007/s43681-022-00164-6,2022.0,SpringerLink
179,,The future of the labor force: higher cognition and more skills,10.1057/s41599-024-02962-1,2024.0,SpringerLink
180,,What do adults living with obesity want from a chatbot for physical activity? – a qualitative study,10.1186/s44247-024-00070-3,2024.0,SpringerLink
181,,The role of occupational skill sets in the digital transformation: how IT progress shapes returns to specialization and social skills,10.1007/s11573-023-01153-9,2024.0,SpringerLink
0,,Discovering patterns and trends in customer service technologies patents using large language model,10.1016/j.heliyon.2024.e34701,2024.0,ScienceDirect
1,,“Can Popular AI Large Language Models Provide Reliable Answers to Frequently Asked Questions About Rotator Cuff Tears?”,10.1016/j.jseint.2024.11.012,2024.0,ScienceDirect
2,,Integrating human expertise & automated methods for a dynamic and multi-parametric evaluation of large language models’ feasibility in clinical decision-making,10.1016/j.ijmedinf.2024.105501,2024.0,ScienceDirect
3,,Responsible Use of Large Language Models: An Analogy with the Oxford Tutorial System,10.1016/j.sheji.2024.11.001,2024.0,ScienceDirect
4,,Harnessing large language models to auto-evaluate the student project reports,10.1016/j.caeai.2024.100268,2024.0,ScienceDirect
5,,The performance of artificial intelligence-based large language models on ophthalmology-related questions in Swedish proficiency test for medicine: ChatGPT-4 omni vs Gemini 1.5 Pro,10.1016/j.ajoint.2024.100070,2024.0,ScienceDirect
6,,A prototype of a conversational virtual university support agent powered by a large language model that addresses inquiries about policies in the student handbook,10.1016/j.procs.2024.06.278,2024.0,ScienceDirect
7,,Unmasking large language models by means of OpenAI GPT-4 and Google AI: A deep instruction-based analysis,10.1016/j.iswa.2024.200431,2024.0,ScienceDirect
8,,A comprehensive evaluation of large Language models on benchmark biomedical text processing tasks,10.1016/j.compbiomed.2024.108189,2024.0,ScienceDirect
9,,Integrating local knowledge with ChatGPT-like large-scale language models for enhanced societal comprehension of carbon neutrality,10.1016/j.egyai.2024.100440,2024.0,ScienceDirect
10,,Large language models for air transportation: A critical review,10.1016/j.jatrs.2024.100024,2024.0,ScienceDirect
11,,Leveraging Large Language Models for Improved Understanding of Communications With Patients With Cancer in a Call Center Setting: Proof-of-Concept Study,10.2196/63892,2024.0,ScienceDirect
12,,"Generative AI and Large Language Models - Benefits, Drawbacks, Future and Recommendations",10.1016/j.procs.2024.09.689,2024.0,ScienceDirect
13,,Performance of Large Language Models in Patient Complaint Resolution: Web-Based Cross-Sectional Survey,10.2196/56413,2024.0,ScienceDirect
14,,Normalizing Swiss German Dialects with the Power of Large Language Models,10.1016/j.procs.2024.10.202,2024.0,ScienceDirect
15,,Unlocking employer insights: Using large language models to explore human-centric aspects in the context of industry 5.0,10.1016/j.techfore.2024.123719,2024.0,ScienceDirect
16,,Ontology-integrated tuning of large language model for intelligent maintenance,10.1016/j.cirp.2024.04.012,2024.0,ScienceDirect
17,,Claude Rules: An Evaluation of Large Language Models’ Applicability to Solve Cases in German Business Law,10.1016/j.procs.2024.09.406,2024.0,ScienceDirect
18,,"An Adversarial Machine Learning Approach on Securing Large Language Model with Vigil, an Open-Source Initiative",10.1016/j.procs.2024.09.486,2024.0,ScienceDirect
19,,Questionable devices: Applying a large language model to deliberate carbon removal,10.1016/j.envsci.2024.103940,2024.0,ScienceDirect
20,,LLMs in e-commerce: A comparative analysis of GPT and LLaMA models in product review evaluation,10.1016/j.nlp.2024.100056,2024.0,ScienceDirect
21,,How Does ChatGPT Perform on the United States Medical Licensing Examination (USMLE)? The Implications of Large Language Models for Medical Education and Knowledge Assessment,10.2196/45312,2023.0,ScienceDirect
22,,Customer service chatbot enhancement with attention-based transfer learning,10.1016/j.knosys.2024.112293,2024.0,ScienceDirect
23,,Arabic sarcasm detection: An enhanced fine-tuned language model approach,10.1016/j.asej.2024.102736,2024.0,ScienceDirect
24,,Considerations for adapting higher education technology courses for AI large language models: A critical review of the impact of ChatGPT,10.1016/j.mlwa.2023.100513,2024.0,ScienceDirect
25,,LeanContext: Cost-efficient domain-specific question answering using LLMs,10.1016/j.nlp.2024.100065,2024.0,ScienceDirect
26,,"LLM GPT-3.5 study for sentiment analysis across Utkarsh server, Ohio supercomputer, Google Colab and PC",10.1016/j.rineng.2024.103218,2024.0,ScienceDirect
27,,Framework for LLM applications in manufacturing,10.1016/j.mfglet.2024.09.030,2024.0,ScienceDirect
28,,Students' Use of the Artificial Intelligence Language Model in their Learning Process,10.1016/j.procs.2023.10.299,2023.0,ScienceDirect
29,,Enhancing Customer Support in Banking: Leveraging AI for Efficient Ticket Classification,10.1016/j.procs.2024.09.235,2024.0,ScienceDirect
30,,Preventing the Immense Increase in the Life-Cycle Energy and Carbon Footprints of LLM-Powered Intelligent Chatbots,10.1016/j.eng.2024.04.002,2024.0,ScienceDirect
31,,Classical Machine Learning and Large Models for Text-Based Emotion Recognition,10.1016/j.procs.2024.08.013,2024.0,ScienceDirect
32,,"The Three Sides of the Moon LLMs in Cybersecurity: Guardians, Enablers and Targets",10.1016/j.procs.2024.09.653,2024.0,ScienceDirect
33,,<ce:marker name=fnspdcst alt=Podcast altimg-small=fnspdcst_s.svg altimg=fnspdcst_o.svg></ce:marker>The promise and peril of using a large language model to obtain clinical information: ChatGPT performs strongly as a fertility counseling tool with limitations,10.1016/j.fertnstert.2023.05.151,2023.0,ScienceDirect
34,,Key technologies of artificial intelligence in electric power customer service,10.1016/j.gloei.2022.01.005,2021.0,ScienceDirect
35,,Using LLMs and ontologies to extract causal relationships from medical abstracts,10.1016/j.procs.2024.10.219,2024.0,ScienceDirect
36,,Understanding the joint effects of internal and external anthropomorphic cues of intelligent customer service bot on user satisfaction,10.1016/j.dim.2023.100047,2023.0,ScienceDirect
37,,Managerial framework for evaluating AI chatbot integration: Bridging organizational readiness and technological challenges,10.1016/j.bushor.2024.05.004,2024.0,ScienceDirect
38,,"Perceived impact of generative AI on assessments: Comparing educator and student perspectives in Australia, Cyprus, and the United States",10.1016/j.caeai.2024.100269,2024.0,ScienceDirect
39,,Evaluating human resources management literacy: A performance analysis of ChatGPT and bard,10.1016/j.heliyon.2024.e27026,2024.0,ScienceDirect
40,,Reinforcement prompting for financial synthetic data generation,10.1016/j.jfds.2024.100137,2024.0,ScienceDirect
41,,Mind meets machine: Unravelling GPT-4’s cognitive psychology,10.1016/j.tbench.2023.100139,2023.0,ScienceDirect
42,,Innovating by prompting: How to facilitate innovation in the age of generative AI,10.1016/j.bushor.2024.04.014,2024.0,ScienceDirect
43,,"Unveiling security, privacy, and ethical concerns of ChatGPT",10.1016/j.jiixd.2023.10.007,2024.0,ScienceDirect
44,,LLM technologies and information search,10.1016/j.ject.2024.08.007,2024.0,ScienceDirect
45,,ChatGPT or Bard: Who is a better Certified Ethical Hacker?,10.1016/j.cose.2024.103804,2024.0,ScienceDirect
46,,Leveraging Generative AI Tools to Support the Development of Digital Solutions in Health Care Research: Case Study,10.2196/52885,2024.0,ScienceDirect
47,,Evaluating Transformers and Linguistic Features integration for Author Profiling tasks in Spanish,10.1016/j.datak.2024.102307,2024.0,ScienceDirect
48,,"Artificial Intelligence in Medical Education: Comparative Analysis of ChatGPT, Bing, and Medical Students in Germany",10.2196/46482,2023.0,ScienceDirect
49,,Revolutionary text clustering: Investigating transfer learning capacity of SBERT models through pooling techniques,10.1016/j.jestch.2024.101730,2024.0,ScienceDirect
50,,Real Estate with AI: An agent based on LangChain,10.1016/j.procs.2024.08.199,2024.0,ScienceDirect
51,,AI literacy for ethical use of chatbot: Will students accept AI ethics?,10.1016/j.caeai.2024.100251,2024.0,ScienceDirect
52,,Conversational Chatbot for Cigarette Smoking Cessation: Results From the 11-Step User-Centered Design Development Process and Randomized Controlled Trial,10.2196/57318,2024.0,ScienceDirect
53,,Adoption and impacts of generative artificial intelligence: Theoretical underpinnings and research agenda,10.1016/j.jjimei.2024.100232,2024.0,ScienceDirect
54,,Creational and conversational AI affordances: How the new breed of chatbots is revolutionizing knowledge industries,10.1016/j.bushor.2024.05.006,2024.0,ScienceDirect
55,,ChatReview: A ChatGPT-enabled natural language processing framework to study domain-specific user reviews,10.1016/j.mlwa.2023.100522,2024.0,ScienceDirect
56,,Analyzing the potential benefits and use cases of ChatGPT as a tool for improving the efficiency and effectiveness of business operations,10.1016/j.tbench.2023.100140,2023.0,ScienceDirect
57,,GPT and CLT: The impact of ChatGPT's level of abstraction on consumer recommendations,10.1016/j.jretconser.2023.103580,2024.0,ScienceDirect
58,,Factors affecting performance expectancy and intentions to use ChatGPT: Using SmartPLS to advance an information technology acceptance framework,10.1016/j.techfore.2024.123247,2024.0,ScienceDirect
59,,Contrastive adversarial gender debiasing,10.1016/j.nlp.2024.100092,2024.0,ScienceDirect
60,,Transforming sentiment analysis in the financial domain with ChatGPT,10.1016/j.mlwa.2023.100508,2023.0,ScienceDirect
61,,Benchmarking ChatGPT for prototyping theories: Experimental studies using the technology acceptance model,10.1016/j.tbench.2024.100153,2023.0,ScienceDirect
62,,Conceptualizing generative AI as style engines: Application archetypes and implications,10.1016/j.ijinfomgt.2024.102824,2024.0,ScienceDirect
63,,Computer says ‘no’: Exploring systemic bias in ChatGPT using an audit approach,10.1016/j.chbah.2024.100054,2024.0,ScienceDirect
64,,Assessing the Role of the Generative Pretrained Transformer (GPT) in Alzheimer’s Disease Management: Comparative Study of Neurologist- and Artificial Intelligence–Generated Responses,10.2196/51095,2024.0,ScienceDirect
65,,"A study on ChatGPT for Industry 4.0: Background, potentials, challenges, and eventualities",10.1016/j.ject.2023.08.001,2023.0,ScienceDirect
66,,On the Application of Generative Artificial Intelligence ChatGPT in Digital Trade,10.1016/j.procs.2024.10.014,2024.0,ScienceDirect
67,,Programming with ChatGPT: How far can we go?,10.1016/j.mlwa.2024.100526,2024.0,ScienceDirect
68,,Unlocking the opportunities through ChatGPT Tool towards ameliorating the education system,10.1016/j.tbench.2023.100115,2023.0,ScienceDirect
69,,Airline reviews processing: Abstractive summarization and rating-based sentiment classification using deep transfer learning,10.1016/j.jjimei.2024.100238,2024.0,ScienceDirect
70,,From HAL to GenAI: Optimizing chatbot impacts with CARE,10.1016/j.bushor.2024.04.012,2024.0,ScienceDirect
71,,Appraisal of ChatGPT’s Aptitude for Medical Education: Comparative Analysis With Third-Year Medical Students in a Pulmonology Examination,10.2196/52818,2024.0,ScienceDirect
72,,Humans are still better than ChatGPT: Case of the IEEEXtreme competition,10.1016/j.heliyon.2023.e21624,2023.0,ScienceDirect
73,,Assessing the efficacy of ChatGPT in addressing Chinese financial conundrums: An in-depth comparative analysis of human and AI-generated responses,10.1016/j.chbah.2023.100007,2023.0,ScienceDirect
74,,Trajectories of AI technologies: Insights for managers,10.1016/j.bushor.2024.03.002,2024.0,ScienceDirect
75,,Adapting the GPT engine for proactive customer insight extraction in product development,10.1016/j.mfglet.2024.09.164,2024.0,ScienceDirect
76,,“Chatting with ChatGPT”: Analyzing the factors influencing users' intention to Use the Open AI's ChatGPT using the UTAUT model,10.1016/j.heliyon.2023.e20962,2023.0,ScienceDirect
77,,The risks of using ChatGPT to obtain common safety-related information and advice,10.1016/j.ssci.2023.106244,2023.0,ScienceDirect
78,,Managing a ChatGPT-empowered workforce: Understanding its affordances and side effects,10.1016/j.bushor.2024.04.009,2024.0,ScienceDirect
79,,Sentiment Analysis of Customer Feedback and Reviews for Airline Services using Language Representation Model,10.1016/j.procs.2023.01.221,2023.0,ScienceDirect
80,,"Opinion Paper: “So what if ChatGPT wrote it?” Multidisciplinary perspectives on opportunities, challenges and implications of generative conversational AI for research, practice and policy",10.1016/j.ijinfomgt.2023.102642,2023.0,ScienceDirect
81,,ChatGPT: The AI Game-Changing Revolution in Marketing Strategy for the Indonesian Cosmetic Industry,10.1016/j.procs.2024.03.091,2024.0,ScienceDirect
82,,The application of chatbot in gastroenterology nursing,10.1016/j.gande.2023.07.003,2023.0,ScienceDirect
83,,From Text to Action: NLP Techniques for Washing Machine Manual Processing,10.1016/j.procs.2024.04.181,2024.0,ScienceDirect
84,,"Performance of ChatGPT on UK Standardized Admission Tests: Insights From the BMAT, TMUA, LNAT, and TSA Examinations",10.2196/47737,2023.0,ScienceDirect
85,,"Benchmarking, ethical alignment, and evaluation framework for conversational AI: Advancing responsible development of ChatGPT",10.1016/j.tbench.2023.100136,2023.0,ScienceDirect
86,,Development of domain-specific automatic speech recognition models based on open-source data,10.1016/j.procs.2023.12.028,2023.0,ScienceDirect
87,,"An era of ChatGPT as a significant futuristic support tool: A study on features, abilities, and challenges",10.1016/j.tbench.2023.100089,2022.0,ScienceDirect
88,,Accelerating editorial processes in scientific journals: Leveraging AI for rapid manuscript review,10.1016/j.oor.2024.100511,2024.0,ScienceDirect
89,,Efficient intent classification and entity recognition for university administrative services employing deep learning models,10.1016/j.iswa.2023.200247,2023.0,ScienceDirect
90,,User-centric evaluation of EHR software through NLP-driven investigation: Implications for product development and user experience,10.1016/j.joitmc.2023.100206,2024.0,ScienceDirect
91,,"How do system and user characteristics, along with anthropomorphism, impact cognitive absorption of chatbots – Introducing SUCCAST through a mixed methods study",10.1016/j.dss.2023.114132,2024.0,ScienceDirect
92,,Spanish MEACorpus 2023: A multimodal speech–text corpus for emotion analysis in Spanish from natural environments,10.1016/j.csi.2024.103856,2024.0,ScienceDirect
93,,Implementing artificial intelligence empowered financial advisory services: A literature review and critical research agenda,10.1016/j.jbusres.2023.114494,2024.0,ScienceDirect
94,,A hybrid machine learning model for sentiment analysis and satisfaction assessment with Turkish universities using Twitter data,10.1016/j.dajour.2024.100473,2024.0,ScienceDirect
95,,A method for improving bot effectiveness by recognising implicit customer intent in contact centre conversations,10.1016/j.specom.2022.07.003,2022.0,ScienceDirect
96,,"Evaluating privacy, security, and trust perceptions in conversational AI: A systematic review",10.1016/j.chb.2024.108344,2024.0,ScienceDirect
97,,GenAI in Rule-based Systems for IoMT Security: Testing and Evaluation,10.1016/j.procs.2024.09.652,2024.0,ScienceDirect
98,,Aspect-based automated evaluation of dialogues,10.1016/j.knosys.2023.110901,2023.0,ScienceDirect
99,,Analyzing the packaging design evaluation based on image emotion perception computing,10.1016/j.heliyon.2024.e31408,2024.0,ScienceDirect
200,,Conversation-based hybrid UI for the repertory grid technique: A lab experiment into automation of qualitative surveys,10.1016/j.ijhcs.2024.103227,2024.0,ScienceDirect
201,,Definition and implementation of the Cloud Infrastructure for the integration of the Human Digital Twin in the Social Internet of Things,10.1016/j.comnet.2024.110632,2024.0,ScienceDirect
202,,Enhancing trust in online grocery shopping through generative AI chatbots,10.1016/j.jbusres.2024.114737,2024.0,ScienceDirect
203,,Speech corpus for Medina dialect,10.1016/j.jksuci.2023.101864,2024.0,ScienceDirect
204,,"Compulsive ChatGPT usage, anxiety, burnout, and sleep disturbance: A serial mediation model based on stimulus-organism-response perspective",10.1016/j.actpsy.2024.104622,2024.0,ScienceDirect
205,,From Twitter to Aso-Rock: A sentiment analysis framework for understanding Nigeria 2023 presidential election,10.1016/j.heliyon.2023.e16085,2023.0,ScienceDirect
206,,Making personnel selection smarter through word embeddings: A graph-based approach,10.1016/j.mlwa.2021.100214,2022.0,ScienceDirect
207,,Homophobia and transphobia detection for low-resourced languages in social media comments,10.1016/j.nlp.2023.100041,2023.0,ScienceDirect
208,,ChatGPT in the higher education: A systematic literature review and research challenges,10.1016/j.ijer.2024.102411,2024.0,ScienceDirect
209,,Artificial intelligence as a driver of business process transformation,10.1016/j.procs.2022.11.067,2022.0,ScienceDirect
210,,Chatbots for active learning: A case of phishing email identification,10.1016/j.ijhcs.2023.103108,2023.0,ScienceDirect
211,,Answer Prediction for Questions from Tamil and Hindi Passages,10.1016/j.procs.2023.01.175,2023.0,ScienceDirect
212,,Catalog and detection techniques of microservice anti-patterns and bad smells: A tertiary study,10.1016/j.jss.2023.111829,2023.0,ScienceDirect
213,,Transformer Based Sentiment Analysis on Code Mixed Data,10.1016/j.procs.2024.03.257,2024.0,ScienceDirect
214,,Content analysis of Chinese cities’ Five-Year Plan transport policy documents,10.1016/j.cstp.2023.101055,2023.0,ScienceDirect
215,,Sharing information with AI (versus a human) impairs brand trust: The role of audience size inferences and sense of exploitation,10.1016/j.ijresmar.2023.08.011,2024.0,ScienceDirect
216,,Co-creating art with generative artificial intelligence: Implications for artworks and artists,10.1016/j.chbah.2024.100056,2024.0,ScienceDirect
217,,ChatGPT - opportunities or threats in the educational process,10.1016/j.procs.2023.10.453,2023.0,ScienceDirect
218,,AI-driven business model innovation: A systematic review and research agenda,10.1016/j.jbusres.2024.114764,2024.0,ScienceDirect
219,,Sentiment Analysis of Custom Speech Corpus: A proof of concept for NLP,10.1016/j.procs.2024.10.195,2024.0,ScienceDirect
220,,"A I and contemporary challenges: The good, bad and the scary",10.1016/j.joitmc.2023.100178,2024.0,ScienceDirect
221,,Generative artificial intelligence in innovation management: A preview of future research developments,10.1016/j.jbusres.2024.114542,2024.0,ScienceDirect
222,,Intermedial semiotics in the age of artificial intelligence. Challenges and opportunities for the arts,10.1016/j.techum.2024.04.001,2023.0,ScienceDirect
223,,Is mouse dynamics information credible for user behavior research? An empirical investigation,10.1016/j.csi.2024.103849,2024.0,ScienceDirect
224,,"AI literacy for users – A comprehensive review and future research directions of learning methods, components, and effects",10.1016/j.chbah.2024.100062,2024.0,ScienceDirect
225,,The Metaverse: Innovations and generative AI,10.1016/j.ijis.2024.04.004,2024.0,ScienceDirect
226,,Towards highly adaptive Edu-Chatbot,10.1016/j.procs.2021.12.260,2022.0,ScienceDirect
227,,Deconstructing a form of hybrid investment fraud: Examining ‘pig butchering’ in the United States,10.1016/j.jeconc.2024.100066,2024.0,ScienceDirect
228,,The role of conversational AI agents in providing support and social care for isolated individuals,10.1016/j.aej.2024.07.098,2024.0,ScienceDirect
229,,"Digital transformation, productive services agglomeration and innovation performance",10.1016/j.heliyon.2024.e25534,2024.0,ScienceDirect
230,,Unleashing the power of artificial intelligence for climate action in industrial markets,10.1016/j.indmarman.2023.12.011,2024.0,ScienceDirect
231,,Network-integrated medical chatbot for enhanced healthcare services,10.1016/j.teler.2024.100153,2024.0,ScienceDirect
232,,Constructing a clinical radiographic knee osteoarthritis database using artificial intelligence tools with limited human labor: A proof of principle,10.1016/j.joca.2023.11.014,2024.0,ScienceDirect
233,,Generative AI in Responsible Conversational Agent Integration: Guidelines for Service Managers,10.1016/j.orgdyn.2024.101045,2024.0,ScienceDirect
234,,Exploring emotional dynamics: Word count effects in Facebook posts by sports shoe brands,10.1016/j.heliyon.2024.e39808,2024.0,ScienceDirect
235,,"New technology, psychiatry, and the law: Panic, prudence, possibility",10.1016/j.ijlp.2024.101984,2024.0,ScienceDirect
236,,"Examining strategic diversity communication on social media using supervised machine learning: Development, validation and future research directions",10.1016/j.pubrev.2024.102431,2024.0,ScienceDirect
237,,Triple Bottom Line impacts of traditional Product-Service Systems models: Myth or truth? A Natural Language Understanding approach,10.1016/j.eiar.2022.106819,2022.0,ScienceDirect
238,,Mixed reality videography. Analyzing joint behavior of human-agent- interactions in extended realities,10.1016/j.chbah.2024.100063,2024.0,ScienceDirect
239,,Consultative engagement of stakeholders toward a roadmap for African language technologies,10.1016/j.patter.2023.100820,2023.0,ScienceDirect
240,,Machine learning algorithms for teaching AI chat bots,10.1016/j.procs.2021.06.086,2021.0,ScienceDirect
241,,Here's to the future: Conversational agents in higher education- a scoping review,10.1016/j.ijer.2023.102233,2023.0,ScienceDirect
242,,The contingent effects of innovative digital sales technologies on B2B firms’ financial performance,10.1016/j.ijresmar.2024.05.004,2024.0,ScienceDirect
243,,Context and knowledge aware conversational model and system combination for grounded response generation,10.1016/j.csl.2020.101070,2020.0,ScienceDirect
244,,Evolving Convolutional Neural Networks with Meta-Heuristics for Transfer Learning in Computer Vision,10.1016/j.procs.2023.12.121,2023.0,ScienceDirect
245,,A sentiment-based risk indicator for the Mexican financial sector,10.1016/j.latcb.2021.100036,2021.0,ScienceDirect
246,,Modeling learners' behavioral intention toward using artificial intelligence in education,10.1016/j.ssaho.2024.101167,2024.0,ScienceDirect
247,,A value-oriented Artificial Intelligence-as-a-Service business plan using integrated tools and services,10.1016/j.dajour.2023.100302,2023.0,ScienceDirect
248,,User-Chatbot Conversations During the COVID-19 Pandemic: Study Based on Topic Modeling and Sentiment Analysis,10.2196/40922,2023.0,ScienceDirect
249,,Question Answering Chatbot for Troubleshooting Queries based on Transfer Learning,10.1016/j.procs.2021.08.097,2021.0,ScienceDirect
250,,The power of emotions: Leveraging user generated content for customer experience management,10.1016/j.jbusres.2022.02.048,2022.0,ScienceDirect
251,,"Perceptions, attitudes, and demographic influences on metaverse: A comprehensive investigation",10.1016/j.chbr.2024.100441,2024.0,ScienceDirect
252,,Sentiment Analysis using Bidirectional LSTM Network,10.1016/j.procs.2022.12.400,2023.0,ScienceDirect
253,,Exploring audience engagement with ChatGPT-related content on YouTube: Implications for content creators and AI tool developers,10.1016/j.digbus.2023.100071,2024.0,ScienceDirect
254,,A/B testing: A systematic literature review,10.1016/j.jss.2024.112011,2024.0,ScienceDirect
255,,Audio2AB: Audio-driven collaborative generation of virtual character animation,10.1016/j.vrih.2023.08.006,2024.0,ScienceDirect
256,,Forecasting extreme labor displacement: A survey of AI practitioners,10.1016/j.techfore.2020.120323,2020.0,ScienceDirect
257,,The Future of Digital Communication Research: Considering Dynamics and Multimodality,10.1016/j.jretai.2021.01.007,2022.0,ScienceDirect
258,,The rise of people analytics and the future of organizational research,10.1016/j.riob.2023.100181,2022.0,ScienceDirect
259,,Human personality in IT projects,10.1016/j.procs.2022.09.482,2022.0,ScienceDirect
260,,"AI for managing open innovation: Opportunities, challenges, and a research agenda",10.1016/j.jbusres.2023.114196,2023.0,ScienceDirect
261,,Futures of artificial intelligence through technology readiness levels,10.1016/j.tele.2020.101525,2021.0,ScienceDirect
262,,Data fusion methods in multimodal human computer dialog,10.3724/SP.J.2096-5796.2018.0010,2019.0,ScienceDirect
263,,Leveraging In-Store Technology and AI: Increasing Customer and Employee Efficiency and Enhancing their Experiences,10.1016/j.jretai.2023.10.002,2023.0,ScienceDirect
264,,Who’s afraid of automation? Examining determinants of fear of automation in six European countries,10.1016/j.techsoc.2024.102782,2024.0,ScienceDirect
265,,On the modeling of optimal and automatized cloud application deployment,10.1016/j.jlamp.2019.06.001,2019.0,ScienceDirect
