abstract;articleTitle;doi;publicationYear;source
[::Customer service::] is very important in many industrial fields, and the service [::quality::] is most essential. However, [::customer service::] practitioners are with a high turnover rate, and it usually takes months for a new [::customer service::] employee to be an experienced one. If the training of new employees is conducted by other experienced employees, there will be a high resource co...;-;10.1109/SMC53992.2023.10394182;2023.0;IEEE
The emergence of Industry 4.0 has led a significant shift towards the widespread integration of Cyber Physical Systems(CPSs) across diverse industrial domains. Yet, the intricate design and implementation of these systems necessitate adept knowledge and expertise, posing challenges for researchers and engineers. In response, this paper introduces IoT-AID, a Cyber Physical Recommendation System aim...;-;10.1109/CoDIT62066.2024.10708357;2024.0;IEEE
[::Customer service::] is crucial for any business to maintain good customer relationships and growth. However, addressing a wide variety of customer inquiries often requires deep domain expertise that may not be readily available. This paper presents TELLM, a [::customer service::] AI agent leveraging large [::language models::] to provide technical support for telecom companies. TELLM is trained...;-;10.1109/ICEE63041.2024.10667786;2024.0;IEEE
Large [::Language Models::] ([::LLMs::]) have demonstrated remarkable capabilities in various natural language processing tasks, garnering significant public interest, but their ability to perform deductive reasoning remains an open question. Understanding the [::quality::] of answers generated by [::language models::] is of increasing importance as they are becoming applied to real-world applicat...;-;10.1109/WNYISPW63690.2024.10786497;2024.0;IEEE
With the continuous development of natural language processing technology, driven by the integration of large [::language models::], [::customer service::] artificial intelligence chatbots are developing in great strides, and have been involved and well applied in many fields. This project selects all kinds of school life and learning consultation based on the student handbook and curriculum arran...;-;10.1109/SEAI62072.2024.10674054;2024.0;IEEE
In artistic gymnastics, difficulty score or D-score is used for judging performance. Starting from zero, an athlete earns points from different aspects such as composition requirement, difficulty, and connection between moves. The final score is a composition of the [::quality::] of various performance indicators. Similarly, when evaluating dialogue responses, human judges generally follow a numbe...;-;10.1109/TASLP.2021.3074012;2021.0;IEEE
Retrieval-Augmented Generation (RAG) systems are increasingly vital in developing AI assistants capable of answering complex queries by combining retrieval and generation capabilities. However, existing RAG systems often face limitations in retrieval efficiency, scalability, and the contextual relevance of generated responses. This study presents an enhanced RAG system that integrates the Scalable...;-;10.1109/ICMLCA63499.2024.10753879;2024.0;IEEE
"Complaint Large Language Model (Complaint-LLM) is designed as a &#34;[::customer service::]&#34; tool to address the scenario of handling a massive volume of public complaints, effectively leveraging the &#34;common sense&#34; possessed by Large [::Language Models::] ([::LLMs::]) to solve issues. Unfortunately, pre-trained [::LLMs::] often exhibit significant Factual Hallucination and Causal Errors in knowledge d...";-;10.1109/IJCNN60899.2024.10650208;2024.0;IEEE
Mobile application (app) stores employ standardized mechanisms for rating hosted apps, typically in the form of free text reviews and numerical rating scales. App users use these mechanisms to express their opinions about their apps and discover apps that fit their specific needs. However, existing app rating systems do not take into account the operational characteristics of application domains. ...;-;;2024.0;IEEE
Statistical classification serves as the basis of national statistics such as the population census and economic census. Not only is it being used as the main basics for national policy establishment and execution (e.g SME support and employment stability), it is also used as a major classification criterion from the perspective of corporate analysis services such as economic, company, investment....;-;10.1109/BigComp54360.2022.00092;2022.0;IEEE
This work introduces an innovative system tailored for automated document processing and advanced question-answering. The dataset creation code employs PyMuPDF and NL TK, orchestrating a systematic extraction of textual information from PDF files. This methodical process extends to content tokenization, where the text is segmented into structured sentences, culminating in the creation of a Pandas ...;-;10.1109/ICACCS60874.2024.10716988;2024.0;IEEE
Artificial intelligence-generated content based on big [::language models::] has been widely used in marketing, [::customer service::], education, entertainment, news and other fields. Business English programmes need to be integrated with innovation and entrepreneurship education to help students hone their international communication skills and innovative thinking to better meet the challenges o...;-;10.1109/ICCEA62105.2024.10604095;2024.0;IEEE
Smart question answering (QA) systems have been the focus of research for many years. This is known to be a challenging task due to the randomness of user input. As deep learning technology is evolving fast, closed-domain QA systems based on frequently asked questions (FAQs) have already become a mature field. In the project, the team designed a mixture model based on deep learning and natural lan...;-;10.1109/DSIT60026.2023.00058;2023.0;IEEE
Dialogue systems play a pivotal role in domains ranging from [::customer service::] to virtual assistance and education, using natural language to deliver information and resolve inquiries. Integrating Large [::Language Models::] ([::LLMs::]) has significantly boosted their capabilities and applications, underscoring their potential to facilitate more nuanced human-computer interactions. Despite t...;-;10.1109/ACCESS.2024.3409377;2024.0;IEEE
The advanced large language model (LLM) ChatGPT has shown its potential in different domains and remains unbeaten due to its characteristics compared to other [::LLMs::]. This study aims to evaluate the potential of using a fine-tuned ChatGPT model as a personal medical assistant in the Arabic language. To do so, this study uses publicly available online questions and answering datasets in Arabic ...;-;10.1109/SNAMS60348.2023.10375477;2023.0;IEEE
;-;10.1007/s44163-024-00175-8;2024.0;SpringerLink
;-;10.1186/s12911-024-02709-7;2024.0;SpringerLink
;-;10.1007/s11280-024-01276-1;2024.0;SpringerLink
;Smart customer service in unmanned retail store enhanced by large language model;10.1038/s41598-024-71089-9;2024.0;SpringerLink
;-;10.1038/s44172-024-00271-8;2024.0;SpringerLink
;-;10.1007/s10676-024-09777-3;2024.0;SpringerLink
;-;10.1038/s41598-024-55686-2;2024.0;SpringerLink
;-;10.1038/s41598-024-76682-6;2024.0;SpringerLink
;-;10.1038/s41539-024-00273-3;2024.0;SpringerLink
;-;10.1186/s40537-024-01019-z;2024.0;SpringerLink
;-;10.1038/s41598-024-72528-3;2024.0;SpringerLink
;-;10.1038/s43246-024-00449-9;2024.0;SpringerLink
;-;10.1007/s40547-024-00143-4;2024.0;SpringerLink
;-;10.1007/s44163-024-00129-0;2024.0;SpringerLink
;-;10.1057/s41599-024-04098-8;2024.0;SpringerLink
;-;10.1038/s41598-024-63380-6;2024.0;SpringerLink
;Tc-llama 2: fine-tuning LLM for technology and commercialization applications;10.1186/s40537-024-00963-0;2024.0;SpringerLink
;-;10.1007/s40547-024-00145-2;2024.0;SpringerLink
;-;10.1007/s43681-023-00312-6;2024.0;SpringerLink
;-;10.1007/s11948-024-00518-9;2024.0;SpringerLink
;-;10.1038/s41598-024-60210-7;2024.0;SpringerLink
;-;10.1038/s41598-024-79335-w;2024.0;SpringerLink
;-;10.1007/s10506-024-09406-w;2024.0;SpringerLink
;-;10.1007/s00779-024-01824-6;2024.0;SpringerLink
;Understanding usersâ€™ responses to disclosed vs. undisclosed customer service chatbots: a mixed methods study;10.1007/s00146-023-01818-7;2024.0;SpringerLink
;Investigating the user experience of customer service chatbot interaction: a framework for qualitative analysis of chatbot dialogues;10.1007/s41233-021-00046-5;2021.0;SpringerLink
;-;10.1007/s40688-024-00500-z;2024.0;SpringerLink
;-;10.1007/s10579-023-09700-0;2024.0;SpringerLink
;Business chatbots with deep learning technologies: state-of-the-art, taxonomies, and future research directions;10.1007/s10462-024-10744-z;2024.0;SpringerLink
;-;10.1186/s43067-024-00145-1;2024.0;SpringerLink
;A review of natural language processing in contact centre automation;10.1007/s10044-023-01182-8;2023.0;SpringerLink
;-;10.1007/s10462-024-10916-x;2024.0;SpringerLink
;-;10.1007/s44163-024-00159-8;2024.0;SpringerLink
;-;10.1007/s11606-023-08226-z;2023.0;SpringerLink
;-;10.1007/s43621-024-00542-6;2024.0;SpringerLink
;-;10.1007/s10462-024-10906-z;2024.0;SpringerLink
;-;10.1007/s12525-023-00680-1;2023.0;SpringerLink
;-;10.1007/s12599-023-00834-7;2024.0;SpringerLink
;-;10.1038/s41598-024-51969-w;2024.0;SpringerLink
;-;10.1007/s43681-024-00443-4;2024.0;SpringerLink
;-;10.1007/s10115-024-02199-z;2024.0;SpringerLink
;-;10.1038/s41433-023-02906-0;2024.0;SpringerLink
;-;10.1186/s40309-024-00238-0;2024.0;SpringerLink
;-;10.1186/s12913-024-11815-1;2024.0;SpringerLink
;-;10.1186/s40537-024-00956-z;2024.0;SpringerLink
;-;10.1007/s10664-024-10507-y;2024.0;SpringerLink
;-;10.1007/s43681-024-00461-2;2024.0;SpringerLink
;-;10.1007/s11063-024-11526-y;2024.0;SpringerLink
;-;10.1007/s00146-024-01905-3;2024.0;SpringerLink
;-;10.1007/s10115-022-01744-y;2022.0;SpringerLink
;-;10.1007/s11846-023-00696-z;2024.0;SpringerLink
;-;10.1007/s10462-024-10832-0;2024.0;SpringerLink
;-;10.1038/s41598-024-64954-0;2024.0;SpringerLink
;-;10.1007/s44217-024-00114-w;2024.0;SpringerLink
;-;10.1007/s11023-024-09694-w;2024.0;SpringerLink
;-;10.1007/s00146-024-02159-9;2024.0;SpringerLink
;A survey on providing customer and public administration based services using AI: chatbot;10.1007/s11042-021-11458-y;2022.0;SpringerLink
;-;10.1007/s41060-024-00615-9;2024.0;SpringerLink
;-;10.1007/s11063-024-11595-z;2024.0;SpringerLink
;-;10.1007/s13347-024-00826-9;2024.0;SpringerLink
;-;10.1007/s10676-024-09802-5;2024.0;SpringerLink
;-;10.1007/s10462-024-10831-1;2024.0;SpringerLink
;-;10.1007/s10696-023-09520-y;2024.0;SpringerLink
;-;10.1007/s10462-024-11010-y;2024.0;SpringerLink
;-;10.1186/s41239-024-00494-x;2024.0;SpringerLink
;-;10.1007/s43681-024-00497-4;2024.0;SpringerLink
;-;10.1007/s40692-024-00325-y;2024.0;SpringerLink
;-;10.1186/s40537-023-00842-0;2024.0;SpringerLink
;-;10.1007/s12065-023-00851-1;2024.0;SpringerLink
;-;10.1057/s41599-024-04219-3;2024.0;SpringerLink
;-;10.1007/s44163-024-00105-8;2024.0;SpringerLink
;-;10.1007/s44163-024-00151-2;2024.0;SpringerLink
;-;10.1057/s41599-024-03879-5;2024.0;SpringerLink
;-;10.1007/s10791-024-09431-y;2024.0;SpringerLink
;-;10.1007/s10462-023-10641-x;2024.0;SpringerLink
;-;10.1007/s13278-022-00951-3;2022.0;SpringerLink
;-;10.1007/s00607-021-01016-7;2021.0;SpringerLink
;-;10.1007/s10596-024-10317-7;2024.0;SpringerLink
;-;10.1007/s00521-024-10587-3;2024.0;SpringerLink
;-;10.1007/s10462-022-10204-6;2023.0;SpringerLink
;-;10.1007/s10462-023-10668-0;2024.0;SpringerLink
;-;10.1007/s44227-023-00018-5;2024.0;SpringerLink
;-;10.1007/s43681-024-00542-2;2024.0;SpringerLink
;-;10.1186/s40561-023-00279-1;2023.0;SpringerLink
;-;10.1007/s43681-024-00529-z;2024.0;SpringerLink
;-;10.1007/s00779-024-01811-x;2024.0;SpringerLink
;-;10.1007/s10479-022-04874-2;2024.0;SpringerLink
;-;10.1007/s00779-024-01830-8;2024.0;SpringerLink
;-;10.1186/s40537-024-00947-0;2024.0;SpringerLink
;The HoPE Model Architecture: a Novel Approach to Pregnancy Information Retrieval Based on Conversational Agents;10.1007/s41666-022-00115-0;2022.0;SpringerLink
;-;10.1007/s11301-024-00451-y;2024.0;SpringerLink
;-;10.1007/s10115-024-02074-x;2024.0;SpringerLink
;-;10.1007/s10961-024-10122-5;2024.0;SpringerLink
;-;10.1186/s40537-023-00871-9;2024.0;SpringerLink
;-;10.1007/s43621-024-00774-6;2024.0;SpringerLink
;-;10.1186/s40545-023-00624-2;2023.0;SpringerLink
;-;10.1007/s10462-023-10442-2;2023.0;SpringerLink
;-;10.1007/s11292-024-09644-7;2024.0;SpringerLink
;-;10.1007/s11042-024-20414-5;2024.0;SpringerLink
;Natural language inference model for customer advocacy detection in online customer engagement;10.1007/s10994-023-06476-w;2024.0;SpringerLink
;-;10.1007/s40593-019-00182-2;2019.0;SpringerLink
;-;10.1007/s11277-023-10312-8;2023.0;SpringerLink
;-;10.1007/s44163-023-00089-x;2023.0;SpringerLink
;-;10.1007/s10462-024-10859-3;2024.0;SpringerLink
;-;10.1038/s41598-024-73359-y;2024.0;SpringerLink
;-;10.1007/s40962-023-01025-6;2023.0;SpringerLink
;-;10.1007/s10660-024-09896-5;2024.0;SpringerLink
;-;10.1186/s41239-023-00412-7;2023.0;SpringerLink
;-;10.1057/s41599-024-04025-x;2024.0;SpringerLink
;-;10.1007/s13132-023-01587-0;2024.0;SpringerLink
;-;10.1038/s41598-024-80378-2;2024.0;SpringerLink
;-;10.1007/s40747-024-01538-5;2024.0;SpringerLink
;-;10.1057/s41599-024-03839-z;2024.0;SpringerLink
;-;10.1007/s11245-024-10018-x;2024.0;SpringerLink
;-;10.1007/s10462-024-10967-0;2024.0;SpringerLink
;-;10.1007/s40839-024-00244-1;2024.0;SpringerLink
;-;10.1007/s10676-024-09745-x;2024.0;SpringerLink
;-;10.1007/s10462-021-10030-2;2021.0;SpringerLink
;-;10.1057/s41599-022-01325-y;2022.0;SpringerLink
;-;10.1186/s41239-023-00426-1;2023.0;SpringerLink
;-;10.1038/s41598-024-79793-2;2024.0;SpringerLink
;Auto Response Generation in Online Medical Chat Services;10.1007/s41666-022-00118-x;2022.0;SpringerLink
;-;10.1007/s10579-024-09766-4;2024.0;SpringerLink
;-;10.1057/s41599-024-02625-1;2024.0;SpringerLink
;-;10.1007/s10796-022-10265-6;2022.0;SpringerLink
;-;10.1007/s11042-023-17769-6;2024.0;SpringerLink
;Deploying artificial intelligence in services to AID vulnerable consumers;10.1007/s11747-023-00986-8;2024.0;SpringerLink
;-;10.1007/s43681-023-00372-8;2023.0;SpringerLink
;-;10.1038/s41591-023-02289-5;2023.0;SpringerLink
;-;10.1007/s10994-023-06398-7;2024.0;SpringerLink
;-;10.1007/s10639-024-12881-y;2024.0;SpringerLink
;-;10.1007/s40593-024-00399-w;2024.0;SpringerLink
;-;10.1007/s12525-023-00673-0;2023.0;SpringerLink
;-;10.1186/s13634-023-01073-4;2023.0;SpringerLink
;-;10.1007/s10462-023-10664-4;2024.0;SpringerLink
;-;10.1007/s10115-022-01665-w;2022.0;SpringerLink
;-;10.1007/s00779-024-01823-7;2024.0;SpringerLink
;-;10.1007/s13278-022-01020-5;2023.0;SpringerLink
;-;10.1007/s42452-019-1926-x;2020.0;SpringerLink
;-;10.1007/s00264-023-05887-7;2023.0;SpringerLink
;-;10.1007/s41060-021-00278-w;2021.0;SpringerLink
;-;10.1007/s11747-023-01000-x;2024.0;SpringerLink
;-;10.1007/s10579-022-09583-7;2022.0;SpringerLink
;-;10.1186/s12859-019-3119-4;2019.0;SpringerLink
;-;10.1057/s41270-021-00128-5;2021.0;SpringerLink
;-;10.1038/s41597-024-03838-4;2024.0;SpringerLink
;-;10.1007/s10916-024-02044-4;2024.0;SpringerLink
;NLP-based platform as a service: a brief review;10.1186/s40537-022-00603-5;2022.0;SpringerLink
;-;10.1186/s41239-023-00434-1;2023.0;SpringerLink
;-;10.1038/s41598-021-91189-0;2021.0;SpringerLink
;Enhancing medical education with chatbots: a randomized controlled trial on standardized patients for colorectal cancer;10.1186/s12909-024-06530-8;2024.0;SpringerLink
;-;10.1007/s41463-024-00193-9;2024.0;SpringerLink
;-;10.1007/s11747-024-01027-8;2024.0;SpringerLink
;-;10.1631/FITEE.2100041;2022.0;SpringerLink
;-;10.1007/s10257-024-00688-w;2024.0;SpringerLink
;-;10.1038/s41598-024-59294-y;2024.0;SpringerLink
;-;10.1007/s11227-023-05319-8;2023.0;SpringerLink
;-;10.1007/s43681-022-00252-7;2023.0;SpringerLink
;-;10.1007/s11280-022-01100-8;2023.0;SpringerLink
;-;10.1057/s41599-023-02021-1;2023.0;SpringerLink
;-;10.1007/s10489-024-05455-5;2024.0;SpringerLink
;-;10.1007/s10791-022-09410-1;2022.0;SpringerLink
;-;10.1007/s10639-024-12574-6;2024.0;SpringerLink
;-;10.1007/s00607-020-00792-y;2020.0;SpringerLink
;Shaping the causes of product returns: topic modeling on online customer reviews;10.1007/s10660-024-09901-x;2024.0;SpringerLink
;Voice bots on the frontline: Voice-based interfaces enhance flow-like consumer experiences & boost service outcomes;10.1007/s11747-022-00868-5;2023.0;SpringerLink
;-;10.1007/s43681-023-00257-w;2024.0;SpringerLink
;-;10.1186/s12909-024-05760-0;2024.0;SpringerLink
;-;10.1007/s10796-022-10313-1;2022.0;SpringerLink
;Not with the bot! The relevance of trust to explain the acceptance of chatbots by insurance customers;10.1057/s41599-024-02621-5;2024.0;SpringerLink
;-;10.1186/s42400-023-00138-z;2023.0;SpringerLink
;-;10.1186/s13662-024-03836-1;2024.0;SpringerLink
;-;10.1007/s44282-024-00126-9;2024.0;SpringerLink
;-;10.1007/s00779-024-01837-1;2024.0;SpringerLink
;-;10.1007/s11365-024-00986-2;2024.0;SpringerLink
;-;10.1038/s41391-023-00750-7;2024.0;SpringerLink
;-;10.1007/s11747-023-00987-7;2024.0;SpringerLink
;-;10.1007/s44202-024-00161-2;2024.0;SpringerLink
;-;10.1007/s43681-022-00164-6;2022.0;SpringerLink
;-;10.1057/s41599-024-02962-1;2024.0;SpringerLink
;-;10.1186/s44247-024-00070-3;2024.0;SpringerLink
;-;10.1007/s11573-023-01153-9;2024.0;SpringerLink
;Discovering patterns and trends in customer service technologies patents using large language model;10.1016/j.heliyon.2024.e34701;2024.0;ScienceDirect
;-;10.1016/j.jseint.2024.11.012;2024.0;ScienceDirect
;-;10.1016/j.ijmedinf.2024.105501;2024.0;ScienceDirect
;-;10.1016/j.sheji.2024.11.001;2024.0;ScienceDirect
;-;10.1016/j.caeai.2024.100268;2024.0;ScienceDirect
;-;10.1016/j.ajoint.2024.100070;2024.0;ScienceDirect
;A prototype of a conversational virtual university support agent powered by a large language model that addresses inquiries about policies in the student handbook;10.1016/j.procs.2024.06.278;2024.0;ScienceDirect
;-;10.1016/j.iswa.2024.200431;2024.0;ScienceDirect
;-;10.1016/j.compbiomed.2024.108189;2024.0;ScienceDirect
;-;10.1016/j.egyai.2024.100440;2024.0;ScienceDirect
;-;10.1016/j.jatrs.2024.100024;2024.0;ScienceDirect
;Leveraging Large Language Models for Improved Understanding of Communications With Patients With Cancer in a Call Center Setting: Proof-of-Concept Study;10.2196/63892;2024.0;ScienceDirect
;-;10.1016/j.procs.2024.09.689;2024.0;ScienceDirect
;Performance of Large Language Models in Patient Complaint Resolution: Web-Based Cross-Sectional Survey;10.2196/56413;2024.0;ScienceDirect
;-;10.1016/j.procs.2024.10.202;2024.0;ScienceDirect
;-;10.1016/j.techfore.2024.123719;2024.0;ScienceDirect
;-;10.1016/j.cirp.2024.04.012;2024.0;ScienceDirect
;-;10.1016/j.procs.2024.09.406;2024.0;ScienceDirect
;-;10.1016/j.procs.2024.09.486;2024.0;ScienceDirect
;-;10.1016/j.envsci.2024.103940;2024.0;ScienceDirect
;LLMs in e-commerce: A comparative analysis of GPT and LLaMA models in product review evaluation;10.1016/j.nlp.2024.100056;2024.0;ScienceDirect
;-;10.2196/45312;2023.0;ScienceDirect
;Customer service chatbot enhancement with attention-based transfer learning;10.1016/j.knosys.2024.112293;2024.0;ScienceDirect
;-;10.1016/j.asej.2024.102736;2024.0;ScienceDirect
;-;10.1016/j.mlwa.2023.100513;2024.0;ScienceDirect
;-;10.1016/j.nlp.2024.100065;2024.0;ScienceDirect
;-;10.1016/j.rineng.2024.103218;2024.0;ScienceDirect
;-;10.1016/j.mfglet.2024.09.030;2024.0;ScienceDirect
;-;10.1016/j.procs.2023.10.299;2023.0;ScienceDirect
;Enhancing Customer Support in Banking: Leveraging AI for Efficient Ticket Classification;10.1016/j.procs.2024.09.235;2024.0;ScienceDirect
;-;10.1016/j.eng.2024.04.002;2024.0;ScienceDirect
;-;10.1016/j.procs.2024.08.013;2024.0;ScienceDirect
;-;10.1016/j.procs.2024.09.653;2024.0;ScienceDirect
;-;10.1016/j.fertnstert.2023.05.151;2023.0;ScienceDirect
;Key technologies of artificial intelligence in electric power customer service;10.1016/j.gloei.2022.01.005;2021.0;ScienceDirect
;-;10.1016/j.procs.2024.10.219;2024.0;ScienceDirect
;Understanding the joint effects of internal and external anthropomorphic cues of intelligent customer service bot on user satisfaction;10.1016/j.dim.2023.100047;2023.0;ScienceDirect
;-;10.1016/j.bushor.2024.05.004;2024.0;ScienceDirect
;-;10.1016/j.caeai.2024.100269;2024.0;ScienceDirect
;-;10.1016/j.heliyon.2024.e27026;2024.0;ScienceDirect
;-;10.1016/j.jfds.2024.100137;2024.0;ScienceDirect
;-;10.1016/j.tbench.2023.100139;2023.0;ScienceDirect
;-;10.1016/j.bushor.2024.04.014;2024.0;ScienceDirect
;-;10.1016/j.jiixd.2023.10.007;2024.0;ScienceDirect
;-;10.1016/j.ject.2024.08.007;2024.0;ScienceDirect
;-;10.1016/j.cose.2024.103804;2024.0;ScienceDirect
;-;10.2196/52885;2024.0;ScienceDirect
;-;10.1016/j.datak.2024.102307;2024.0;ScienceDirect
;-;10.2196/46482;2023.0;ScienceDirect
;-;10.1016/j.jestch.2024.101730;2024.0;ScienceDirect
;Real Estate with AI: An agent based on LangChain;10.1016/j.procs.2024.08.199;2024.0;ScienceDirect
;-;10.1016/j.caeai.2024.100251;2024.0;ScienceDirect
;-;10.2196/57318;2024.0;ScienceDirect
;-;10.1016/j.jjimei.2024.100232;2024.0;ScienceDirect
;Creational and conversational AI affordances: How the new breed of chatbots is revolutionizing knowledge industries;10.1016/j.bushor.2024.05.006;2024.0;ScienceDirect
;ChatReview: A ChatGPT-enabled natural language processing framework to study domain-specific user reviews;10.1016/j.mlwa.2023.100522;2024.0;ScienceDirect
;-;10.1016/j.tbench.2023.100140;2023.0;ScienceDirect
;-;10.1016/j.jretconser.2023.103580;2024.0;ScienceDirect
;-;10.1016/j.techfore.2024.123247;2024.0;ScienceDirect
;-;10.1016/j.nlp.2024.100092;2024.0;ScienceDirect
;-;10.1016/j.mlwa.2023.100508;2023.0;ScienceDirect
;-;10.1016/j.tbench.2024.100153;2023.0;ScienceDirect
;-;10.1016/j.ijinfomgt.2024.102824;2024.0;ScienceDirect
;-;10.1016/j.chbah.2024.100054;2024.0;ScienceDirect
;-;10.2196/51095;2024.0;ScienceDirect
;-;10.1016/j.ject.2023.08.001;2023.0;ScienceDirect
;-;10.1016/j.procs.2024.10.014;2024.0;ScienceDirect
;-;10.1016/j.mlwa.2024.100526;2024.0;ScienceDirect
;-;10.1016/j.tbench.2023.100115;2023.0;ScienceDirect
;-;10.1016/j.jjimei.2024.100238;2024.0;ScienceDirect
;-;10.1016/j.bushor.2024.04.012;2024.0;ScienceDirect
;-;10.2196/52818;2024.0;ScienceDirect
;-;10.1016/j.heliyon.2023.e21624;2023.0;ScienceDirect
;-;10.1016/j.chbah.2023.100007;2023.0;ScienceDirect
;-;10.1016/j.bushor.2024.03.002;2024.0;ScienceDirect
;Adapting the GPT engine for proactive customer insight extraction in product development;10.1016/j.mfglet.2024.09.164;2024.0;ScienceDirect
;-;10.1016/j.heliyon.2023.e20962;2023.0;ScienceDirect
;-;10.1016/j.ssci.2023.106244;2023.0;ScienceDirect
;-;10.1016/j.bushor.2024.04.009;2024.0;ScienceDirect
;Sentiment Analysis of Customer Feedback and Reviews for Airline Services using Language Representation Model;10.1016/j.procs.2023.01.221;2023.0;ScienceDirect
;-;10.1016/j.ijinfomgt.2023.102642;2023.0;ScienceDirect
;-;10.1016/j.procs.2024.03.091;2024.0;ScienceDirect
;-;10.1016/j.gande.2023.07.003;2023.0;ScienceDirect
;-;10.1016/j.procs.2024.04.181;2024.0;ScienceDirect
;-;10.2196/47737;2023.0;ScienceDirect
;-;10.1016/j.tbench.2023.100136;2023.0;ScienceDirect
;-;10.1016/j.procs.2023.12.028;2023.0;ScienceDirect
;-;10.1016/j.tbench.2023.100089;2022.0;ScienceDirect
;-;10.1016/j.oor.2024.100511;2024.0;ScienceDirect
;-;10.1016/j.iswa.2023.200247;2023.0;ScienceDirect
;-;10.1016/j.joitmc.2023.100206;2024.0;ScienceDirect
;-;10.1016/j.dss.2023.114132;2024.0;ScienceDirect
;-;10.1016/j.csi.2024.103856;2024.0;ScienceDirect
;-;10.1016/j.jbusres.2023.114494;2024.0;ScienceDirect
;-;10.1016/j.dajour.2024.100473;2024.0;ScienceDirect
;A method for improving bot effectiveness by recognising implicit customer intent in contact centre conversations;10.1016/j.specom.2022.07.003;2022.0;ScienceDirect
;-;10.1016/j.chb.2024.108344;2024.0;ScienceDirect
;-;10.1016/j.procs.2024.09.652;2024.0;ScienceDirect
;-;10.1016/j.knosys.2023.110901;2023.0;ScienceDirect
;-;10.1016/j.heliyon.2024.e31408;2024.0;ScienceDirect
;-;10.1016/j.ijhcs.2024.103227;2024.0;ScienceDirect
;-;10.1016/j.comnet.2024.110632;2024.0;ScienceDirect
;Enhancing trust in online grocery shopping through generative AI chatbots;10.1016/j.jbusres.2024.114737;2024.0;ScienceDirect
;-;10.1016/j.jksuci.2023.101864;2024.0;ScienceDirect
;-;10.1016/j.actpsy.2024.104622;2024.0;ScienceDirect
;-;10.1016/j.heliyon.2023.e16085;2023.0;ScienceDirect
;-;10.1016/j.mlwa.2021.100214;2022.0;ScienceDirect
;-;10.1016/j.nlp.2023.100041;2023.0;ScienceDirect
;-;10.1016/j.ijer.2024.102411;2024.0;ScienceDirect
;-;10.1016/j.procs.2022.11.067;2022.0;ScienceDirect
;-;10.1016/j.ijhcs.2023.103108;2023.0;ScienceDirect
;-;10.1016/j.procs.2023.01.175;2023.0;ScienceDirect
;-;10.1016/j.jss.2023.111829;2023.0;ScienceDirect
;-;10.1016/j.procs.2024.03.257;2024.0;ScienceDirect
;-;10.1016/j.cstp.2023.101055;2023.0;ScienceDirect
;-;10.1016/j.ijresmar.2023.08.011;2024.0;ScienceDirect
;-;10.1016/j.chbah.2024.100056;2024.0;ScienceDirect
;-;10.1016/j.procs.2023.10.453;2023.0;ScienceDirect
;-;10.1016/j.jbusres.2024.114764;2024.0;ScienceDirect
;-;10.1016/j.procs.2024.10.195;2024.0;ScienceDirect
;-;10.1016/j.joitmc.2023.100178;2024.0;ScienceDirect
;-;10.1016/j.jbusres.2024.114542;2024.0;ScienceDirect
;-;10.1016/j.techum.2024.04.001;2023.0;ScienceDirect
;-;10.1016/j.csi.2024.103849;2024.0;ScienceDirect
;-;10.1016/j.chbah.2024.100062;2024.0;ScienceDirect
;-;10.1016/j.ijis.2024.04.004;2024.0;ScienceDirect
;-;10.1016/j.procs.2021.12.260;2022.0;ScienceDirect
;-;10.1016/j.jeconc.2024.100066;2024.0;ScienceDirect
;The role of conversational AI agents in providing support and social care for isolated individuals;10.1016/j.aej.2024.07.098;2024.0;ScienceDirect
;-;10.1016/j.heliyon.2024.e25534;2024.0;ScienceDirect
;-;10.1016/j.indmarman.2023.12.011;2024.0;ScienceDirect
;Network-integrated medical chatbot for enhanced healthcare services;10.1016/j.teler.2024.100153;2024.0;ScienceDirect
;-;10.1016/j.joca.2023.11.014;2024.0;ScienceDirect
;Generative AI in Responsible Conversational Agent Integration: Guidelines for Service Managers;10.1016/j.orgdyn.2024.101045;2024.0;ScienceDirect
;-;10.1016/j.heliyon.2024.e39808;2024.0;ScienceDirect
;-;10.1016/j.ijlp.2024.101984;2024.0;ScienceDirect
;-;10.1016/j.pubrev.2024.102431;2024.0;ScienceDirect
;-;10.1016/j.eiar.2022.106819;2022.0;ScienceDirect
;-;10.1016/j.chbah.2024.100063;2024.0;ScienceDirect
;-;10.1016/j.patter.2023.100820;2023.0;ScienceDirect
;-;10.1016/j.procs.2021.06.086;2021.0;ScienceDirect
;-;10.1016/j.ijer.2023.102233;2023.0;ScienceDirect
;-;10.1016/j.ijresmar.2024.05.004;2024.0;ScienceDirect
;-;10.1016/j.csl.2020.101070;2020.0;ScienceDirect
;-;10.1016/j.procs.2023.12.121;2023.0;ScienceDirect
;-;10.1016/j.latcb.2021.100036;2021.0;ScienceDirect
;-;10.1016/j.ssaho.2024.101167;2024.0;ScienceDirect
;-;10.1016/j.dajour.2023.100302;2023.0;ScienceDirect
;-;10.2196/40922;2023.0;ScienceDirect
;-;10.1016/j.procs.2021.08.097;2021.0;ScienceDirect
;-;10.1016/j.jbusres.2022.02.048;2022.0;ScienceDirect
;-;10.1016/j.chbr.2024.100441;2024.0;ScienceDirect
;-;10.1016/j.procs.2022.12.400;2023.0;ScienceDirect
;-;10.1016/j.digbus.2023.100071;2024.0;ScienceDirect
;-;10.1016/j.jss.2024.112011;2024.0;ScienceDirect
;-;10.1016/j.vrih.2023.08.006;2024.0;ScienceDirect
;-;10.1016/j.techfore.2020.120323;2020.0;ScienceDirect
;-;10.1016/j.jretai.2021.01.007;2022.0;ScienceDirect
;-;10.1016/j.riob.2023.100181;2022.0;ScienceDirect
;-;10.1016/j.procs.2022.09.482;2022.0;ScienceDirect
;-;10.1016/j.jbusres.2023.114196;2023.0;ScienceDirect
;-;10.1016/j.tele.2020.101525;2021.0;ScienceDirect
;-;10.3724/SP.J.2096-5796.2018.0010;2019.0;ScienceDirect
;-;10.1016/j.jretai.2023.10.002;2023.0;ScienceDirect
;-;10.1016/j.techsoc.2024.102782;2024.0;ScienceDirect
;-;10.1016/j.jlamp.2019.06.001;2019.0;ScienceDirect